5915.555664,320.420013,-3.883550,-521.610473,320.435363,-3.869756,-509.337341
9.992492,330.403503,-4.162343,-521.604553,330.423736,-4.148716,-509.311462
19.984985,340.394317,-4.441368,-521.598632,340.412475,-4.427806,-509.285552
29.977479,350.385070,-4.720463,-521.592651,350.401184,-4.706797,-509.259674
39.969970,360.375854,-4.999567,-521.586730,360.389831,-4.985705,-509.233795
49.962463,370.366668,-5.278616,-521.580810,370.378509,-5.264789,-509.207916
59.954959,380.357452,-5.557717,-521.574829,380.367218,-5.543832,-509.182006
69.947448,390.347167,-5.836703,-521.568908,390.355834,-5.822754,-509.156127
79.939941,400.335662,-6.115707,-521.562988,400.344421,-6.101668,-509.130249
89.932434,410.324127,-6.394688,-521.557006,410.333038,-6.380742,-509.104370
99.924926,420.312622,-6.673748,-521.551086,420.321655,-6.659846,-509.078460
109.917419,430.301086,-6.952697,-521.545166,430.310241,-6.938852,-509.052581
119.909919,440.289611,-7.231673,-521.539184,440.298828,-7.217877,-509.026702
129.902404,450.280670,-7.510653,-521.533264,450.287567,-7.496874,-509.000823
139.894897,460.273345,-7.789769,-521.527343,460.276397,-7.775893,-508.974914
149.887390,470.266052,-8.068951,-521.521362,470.265197,-8.054891,-508.949035
159.879882,480.258758,-8.348022,-521.515441,480.253967,-8.333933,-508.923156
169.872375,490.251434,-8.627125,-521.509521,490.242736,-8.612896,-508.897247
179.864868,500.244110,-8.906278,-521.503540,500.231506,-8.891922,-508.871368
189.857360,510.250183,-9.185750,-521.497619,510.220275,-9.170980,-508.845489
199.849853,520.260009,-9.465291,-521.491638,520.209045,-9.449979,-508.819610
209.842346,530.269714,-9.744899,-521.485717,530.197753,-9.728931,-508.793701
219.834838,540.279479,-10.024206,-521.479736,540.186340,-10.007979,-508.767822
229.827331,550.289184,-10.304023,-521.473815,550.174743,-10.287063,-508.741943
239.819839,560.298950,-10.583730,-521.467834,560.163269,-10.566113,-508.716064
249.812316,570.258056,-10.861865,-521.461914,570.142395,-10.844892,-508.690185
259.804809,580.214477,-11.140047,-521.455993,580.122558,-11.123677,-508.664337
269.797302,590.171630,-11.418289,-521.418518,590.104431,-11.402470,-508.659942
279.789794,600.129455,-11.696376,-521.320007,600.088073,-11.681259,-508.686401
289.782287,610.088623,-11.974528,-521.221435,610.073242,-11.960169,-508.712829
299.774780,620.053833,-12.252900,-521.122863,620.059509,-12.239175,-508.739288
309.767272,630.051818,-12.532142,-521.023925,630.041625,-12.518063,-508.765747
319.759765,640.049499,-12.811449,-520.924987,640.023864,-12.796874,-508.792205
329.752258,650.046936,-13.090578,-520.826049,650.006164,-13.075751,-508.818634
339.744750,660.044128,-13.369834,-520.727111,659.988464,-13.354551,-508.845092
349.737243,670.041076,-13.649162,-520.628234,669.970886,-13.633368,-508.871520
359.729736,680.037597,-13.928479,-520.529296,679.954833,-13.912269,-508.897979
369.722229,690.033630,-14.207802,-520.430358,689.943054,-14.191357,-508.924438
379.714721,700.029541,-14.487017,-520.331481,699.931213,-14.470308,-508.950897
389.707214,710.025329,-14.766222,-520.232543,709.919433,-14.749231,-508.977386
399.699707,720.020935,-15.045383,-520.133666,719.907714,-15.028208,-509.003845
409.692199,730.016357,-15.324630,-520.034729,729.895996,-15.307310,-509.030303
419.684692,739.996520,-15.604098,-519.936035,739.886413,-15.586423,-509.056762
429.677185,749.960021,-15.886774,-519.837402,749.879516,-15.865815,-509.083251
439.669677,759.924133,-16.173093,-519.738830,759.872375,-16.147865,-509.109710
449.662170,769.888732,-16.457616,-519.640197,769.865112,-16.432954,-509.136199
459.654663,779.853820,-16.735918,-519.541625,779.857666,-16.715494,-509.162658
469.647155,789.819396,-17.009773,-519.442993,789.850219,-16.993572,-509.189147
479.639678,799.804016,-17.275983,-519.344238,799.839477,-17.269071,-509.215606
489.632141,809.798278,-17.535856,-519.245300,809.826477,-17.545904,-509.242065
499.624633,819.792480,-17.788137,-519.146423,819.813659,-17.829376,-509.268524
509.617126,829.786437,-18.029748,-519.047546,829.800842,-18.118757,-509.294982
519.609619,839.780334,-18.264533,-518.948669,839.788085,-18.411018,-509.371551
529.602111,849.774047,-18.492851,-518.849731,849.775329,-18.691787,-509.846252
539.594604,860.045104,-18.728452,-518.748107,859.743041,-18.951635,-510.764221
549.587097,870.355163,-18.964849,-518.646118,869.680603,-19.216808,-511.303619
559.579589,880.613403,-19.204818,-518.414978,879.587890,-19.515701,-511.058166
569.572082,890.725891,-19.482612,-517.438842,889.376892,-19.863609,-510.043121
579.564575,900.618286,-19.787797,-515.666442,898.962280,-20.252344,-508.286804
589.557067,910.201660,-20.116125,-513.144531,908.262756,-20.662933,-505.830261
599.549560,919.628540,-20.477926,-509.840301,917.203613,-21.041612,-502.726501
609.542053,928.735717,-20.841196,-505.804504,925.781677,-21.369552,-499.008911
619.534545,937.275390,-21.168182,-501.183258,933.915283,-21.687244,-494.747070
629.527038,945.169311,-21.449073,-496.094177,941.518737,-21.982114,-490.035644
639.519531,952.374023,-21.690805,-490.656921,948.539428,-22.251789,-484.973175
649.512023,958.876159,-21.876031,-484.985198,954.952514,-22.421903,-479.655548
659.504516,964.885681,-22.011175,-478.968566,960.752929,-22.528192,-474.173858
669.497009,970.651794,-22.105627,-472.333740,966.350341,-22.584623,-468.156127
679.489501,976.082336,-22.167463,-465.220550,971.663635,-22.631120,-461.626708
689.481994,981.160766,-22.217279,-457.830657,976.559326,-22.670354,-454.707305
699.474487,985.833618,-22.255821,-450.252685,980.833068,-22.728773,-447.467834
709.466979,990.062683,-22.288309,-442.576904,984.369201,-22.810861,-439.974700
719.459472,993.810485,-22.288091,-434.929687,987.143432,-22.871128,-432.383239
729.451965,996.698913,-22.236192,-427.900421,988.928588,-22.880756,-425.892944
739.444458,998.854919,-22.147724,-419.778503,990.305236,-22.821571,-418.776153
749.436950,999.866271,-22.017206,-411.044311,991.136108,-22.696054,-411.150512
759.429443,999.573913,-21.854778,-402.167419,991.313903,-22.518026,-403.299468
769.421936,998.011230,-21.682821,-393.600433,990.684448,-22.299358,-395.535552
779.414428,995.403076,-21.497316,-385.729919,988.728332,-22.078996,-388.300048
789.406921,992.100708,-21.316175,-378.769165,985.676879,-21.875429,-381.964721
799.399414,988.540405,-21.161977,-373.010986,982.193359,-21.686410,-376.899902
809.391906,983.719604,-20.985761,-366.867706,977.743774,-21.485832,-371.557281
819.384399,977.631164,-20.776258,-360.843536,972.316223,-21.265535,-366.184295
829.376892,970.389160,-20.535861,-355.393615,965.982666,-21.045961,-361.101318
839.369384,961.993774,-20.270553,-350.689239,958.593749,-20.819534,-356.720336
849.361877,952.982116,-20.017679,-347.081787,950.520874,-20.554101,-353.585906
859.354370,943.867614,-19.799325,-344.732971,942.277221,-20.317855,-351.853790
869.346862,934.216857,-19.589458,-343.534759,932.946166,-20.085664,-351.391601
879.339355,924.348205,-19.414735,-343.615997,923.503784,-19.862688,-351.503173
889.331848,914.571716,-19.305866,-344.858917,914.079040,-19.653816,-351.964782
899.324340,904.934692,-19.197425,-346.186828,904.721740,-19.469470,-352.771148
909.316833,895.283020,-19.083786,-347.403930,895.379272,-19.306940,-353.918090
919.309326,885.617980,-18.972188,-348.509857,885.722045,-19.136354,-355.238189
929.301818,875.940917,-18.859462,-349.504669,876.068725,-18.968322,-356.590728
939.294311,866.066528,-18.735563,-350.516357,866.419921,-18.810152,-357.976043
949.286865,856.201110,-18.597137,-351.642181,856.776611,-18.654373,-359.393615
959.279357,846.349304,-18.440807,-352.881683,847.137329,-18.483184,-360.843749
969.271728,836.508911,-18.272113,-354.048614,837.352172,-18.290802,-361.998748
979.264282,826.593872,-18.109617,-355.164947,827.403442,-18.103059,-363.131042
989.256774,816.167419,-17.950353,-356.338867,816.737731,-17.904947,-364.344940
999.249267,805.715576,-17.813322,-357.515624,806.057128,-17.697963,-365.560516
1009.241760,795.240234,-17.682155,-358.695037,795.362548,-17.500394,-366.777679
1019.234252,784.743164,-17.547292,-359.876922,784.654968,-17.322376,-367.996337
1029.226806,774.229492,-17.395999,-361.045318,773.935241,-17.141466,-369.216400
1039.219238,763.659118,-17.260210,-361.269531,763.092468,-16.956001,-369.888244
1049.211791,752.945373,-17.111392,-359.959075,752.000427,-16.769134,-368.979461
1059.204223,742.345886,-16.874620,-357.054931,740.985290,-16.541988,-366.399719
1069.196655,732.076904,-16.598363,-352.517730,730.267700,-16.260992,-362.105102
1079.189208,722.379272,-16.254152,-346.327636,720.096130,-15.945591,-356.068725
1089.181640,713.580078,-15.818364,-338.211151,710.746276,-15.665546,-348.286285
1099.174194,705.641479,-15.357054,-329.282836,702.661254,-15.414648,-339.474365
1109.166748,697.815063,-14.928208,-320.480651,694.826660,-15.134089,-330.674438
1119.159179,689.880310,-14.471859,-312.104583,687.000366,-14.776828,-321.887359
1129.151733,681.459167,-13.971006,-305.297790,678.854370,-14.328243,-314.224548
1139.144165,672.657470,-13.448787,-299.944854,670.163818,-13.863291,-308.294067
1149.136596,662.903747,-12.958316,-295.657592,660.809448,-13.401418,-303.791839
1159.129150,652.516723,-12.499474,-292.685607,650.838806,-12.880420,-300.718902
1169.121582,641.744873,-12.037553,-291.147857,640.475036,-12.375630,-299.166931
1179.114135,630.797485,-11.589775,-291.104003,629.939819,-11.851165,-299.192260
1189.106689,619.916503,-11.155629,-292.575378,619.489685,-11.328184,-300.816040
1199.099121,609.493530,-10.699724,-295.482788,609.552490,-10.831368,-303.945037
1209.091674,599.205261,-10.251743,-299.727111,599.800842,-10.363799,-308.189880
1219.084106,589.081176,-9.846081,-304.079589,590.238525,-9.898963,-312.396057
1229.076660,579.104553,-9.439515,-308.368652,580.886657,-9.425900,-316.509735
1239.069091,569.295776,-8.983742,-312.585601,571.779174,-8.929460,-320.515869
1249.061523,559.975097,-8.544477,-316.592651,562.616088,-8.409235,-324.546478
1259.054077,551.064758,-8.125657,-320.423309,553.228454,-7.888962,-328.675872
1269.046508,542.086608,-7.705591,-324.282928,543.767150,-7.389015,-332.681732
1279.039062,532.958007,-7.249132,-327.497650,534.105163,-6.907922,-335.650634
1289.031616,523.690734,-6.777870,-329.468994,524.378662,-6.463737,-337.440368
1299.024047,514.485168,-6.317017,-330.240112,514.777343,-6.045595,-338.100433
1309.016601,505.579650,-5.872776,-329.895599,505.314575,-5.617160,-337.700256
1319.009033,496.691558,-5.443685,-328.467529,495.633361,-5.177541,-336.195709
1329.001464,487.891265,-4.996839,-325.921386,486.028259,-4.734556,-333.548370
1338.994018,479.513824,-4.535056,-322.332855,476.828613,-4.281016,-329.826354
1348.986450,471.865234,-4.074436,-317.896118,468.337860,-3.853836,-325.207397
1358.979003,465.209655,-3.614259,-312.929260,460.823425,-3.472078,-319.983184
1368.971435,458.986206,-3.149103,-306.822418,453.998382,-3.101474,-314.080383
1378.963989,452.547332,-2.715800,-300.242553,447.480285,-2.695986,-307.229309
1388.956542,446.059539,-2.247129,-293.612731,440.975372,-2.292747,-300.244445
1398.948974,439.522247,-1.847685,-286.932281,434.426239,-1.916246,-293.212097
1408.941528,432.934570,-1.492737,-280.200347,427.831909,-1.593837,-286.131225
1418.933959,426.100982,-1.177804,-273.670440,420.951324,-1.322754,-279.264404
1428.926391,418.081054,-0.914904,-267.083557,413.374450,-1.093151,-272.906616
1438.918945,409.319702,-0.711662,-260.987945,405.238677,-0.889451,-267.211975
1448.911376,400.275756,-0.557000,-255.715896,396.803314,-0.758919,-262.338348
1458.903930,391.187255,-0.469088,-251.326843,388.321624,-0.676603,-258.349609
1468.896484,382.328918,-0.415190,-247.833862,380.086547,-0.635834,-255.255203
1478.888916,373.837249,-0.388453,-245.317138,372.147460,-0.643436,-253.088287
1488.881469,365.521148,-0.398724,-243.799957,364.522186,-0.687883,-251.847457
1498.873901,356.319061,-0.462890,-243.151931,356.260162,-0.775999,-251.385375
1508.866333,346.631011,-0.581178,-243.613586,347.576232,-0.901562,-251.872039
1518.858886,336.863403,-0.747433,-245.288360,338.821960,-1.060407,-253.391540
1528.851318,327.407989,-0.968496,-248.142044,330.335327,-1.251883,-255.912689
1538.843872,318.629638,-1.215248,-252.003616,322.432769,-1.488905,-259.288818
1548.836303,310.863128,-1.448122,-256.545532,315.429412,-1.734515,-263.245513
1558.828857,303.452362,-1.671478,-262.018737,308.379058,-1.990762,-268.373229
1568.821411,296.411499,-1.901374,-268.522613,301.766021,-2.241466,-274.539764
1578.813842,289.976684,-2.148277,-275.984252,295.826324,-2.455280,-281.666107
1588.806396,284.356628,-2.370927,-284.274566,290.759918,-2.616242,-289.605194
1598.798828,279.438964,-2.536552,-293.030792,286.112426,-2.692007,-297.705657
1608.791259,274.635711,-2.635676,-301.656921,281.505462,-2.692362,-305.735504
1618.783813,269.740661,-2.672548,-310.447906,276.346923,-2.641807,-314.726715
1628.776245,264.841522,-2.615170,-319.246276,271.191314,-2.487750,-323.712829
1638.768798,259.942962,-2.466991,-328.043579,266.038574,-2.246748,-332.694000
1648.761352,254.667419,-2.215131,-336.524475,260.734100,-1.896979,-341.552490
1658.753784,248.594665,-1.825240,-344.238342,254.589218,-1.456436,-349.634094
1668.746337,241.847640,-1.243481,-351.118072,247.563507,-0.899756,-356.852966
1678.738769,234.315673,-0.554739,-357.294372,239.310714,-0.211273,-363.503387
1688.731323,226.138366,0.196892,-362.601348,230.294296,0.561228,-369.205139
1698.723754,217.566253,0.961695,-366.852233,220.815689,1.284299,-373.787994
1708.716186,208.964416,1.674788,-369.976654,211.264389,1.985220,-377.163574
1718.708740,200.820068,2.318114,-372.000000,202.133300,2.640995,-379.351470
1728.701171,193.034393,2.910910,-373.147003,193.656845,3.236251,-380.537841
1738.693725,184.142944,3.593167,-373.556243,184.222000,3.909241,-380.940521
1748.686279,175.002670,4.290196,-372.988830,174.509262,4.605543,-380.356750
1758.678710,165.861404,5.010939,-371.398498,164.785415,5.313623,-378.738220
1768.671264,156.945709,5.738157,-368.807830,155.293594,6.023446,-376.106384
1778.663696,148.334838,6.427445,-365.687072,146.221023,6.717837,-372.657104
1788.656249,139.954238,7.073268,-362.319305,137.461029,7.382952,-368.939086
1798.648681,131.589553,7.703603,-358.619018,128.802001,8.010243,-364.940124
1808.641235,123.436683,8.297737,-354.671447,120.377563,8.595180,-360.726898
1818.633666,115.527183,8.823834,-350.503601,112.214340,9.122796,-356.326416
1828.626098,107.887588,9.291532,-346.144470,104.334442,9.587342,-351.766937
1838.618652,100.539703,9.717645,-341.624572,96.756439,10.010699,-347.077911
1848.611083,93.501419,10.098418,-336.975555,89.495666,10.389097,-342.289764
1858.603637,86.173355,10.457949,-331.780517,81.950271,10.740538,-336.989318
1868.596069,79.005935,10.771841,-326.323669,74.531494,11.060194,-331.434356
1878.588623,71.838378,11.041123,-320.457061,67.167884,11.343883,-325.548217
1888.581054,64.926803,11.256007,-314.233062,60.058425,11.567172,-319.273986
1898.573730,58.332183,11.425248,-307.648193,53.274391,11.728849,-312.587982
1908.566040,52.244522,11.541587,-300.916564,46.925125,11.833047,-305.602874
1918.558715,46.452163,11.599505,-293.822387,40.924530,11.893188,-298.225830
1928.551147,41.008621,11.595792,-286.417480,35.328933,11.889508,-290.515136
1938.543457,35.953918,11.542332,-278.813659,30.166763,11.819595,-282.641448
1948.536132,31.236282,11.462589,-271.004455,25.359100,11.716113,-274.603179
1958.528564,26.796768,11.366210,-262.875671,20.812286,11.608264,-266.229980
1968.521118,22.670654,11.258064,-254.457534,16.564041,11.502100,-257.552520
1978.513549,18.926788,11.151261,-245.875137,12.678894,11.408930,-248.679748
1988.506103,15.552947,11.044993,-237.095458,9.142105,11.319915,-239.558746
1998.498535,12.543548,10.937144,-228.077026,5.967910,11.225983,-230.189331
2008.491088,9.929489,10.828365,-218.879150,3.188812,11.127346,-220.633010
2018.483520,7.730621,10.707544,-209.563888,0.828613,11.008319,-210.955459
2028.475952,5.949234,10.577684,-200.204589,-1.098190,10.859131,-201.225601
2038.468505,4.579010,10.451421,-190.802856,-2.591430,10.700882,-191.477355
2048.460937,3.602828,10.340936,-181.171936,-3.667266,10.559235,-181.597122
2058.453613,3.050323,10.217153,-171.449005,-4.312759,10.431409,-171.622375
2068.446044,2.930068,10.084597,-161.679397,-4.519226,10.306838,-161.597900
2078.438476,3.245193,9.962058,-151.907485,-4.283279,10.182305,-151.568054
2088.430908,3.993438,9.848310,-142.177703,-3.606796,10.051836,-141.576354
2098.423583,5.180343,9.727212,-132.443466,-2.500488,9.905675,-131.694656
2108.416015,6.960813,9.610296,-122.744308,-0.957504,9.758797,-121.838806
2118.408447,8.840970,9.498386,-113.051391,1.024932,9.615600,-112.021659
2128.400878,10.721874,9.390882,-103.354629,3.054044,9.472437,-102.203170
2138.393310,12.603569,9.287768,-93.653785,5.062433,9.332499,-92.375900
2148.385986,14.486057,9.187685,-83.948860,7.071992,9.197149,-82.542907
2158.378417,16.384754,9.085363,-74.160369,9.074916,9.067984,-72.742385
2168.371093,18.290391,8.981389,-64.336097,11.072764,8.940470,-62.966697
2178.363281,20.195564,8.872495,-54.514225,13.070222,8.811363,-53.192913
2188.355957,22.100458,8.763985,-44.693790,15.067486,8.686970,-43.420082
2198.348388,24.004978,8.658962,-34.875274,17.064407,8.562850,-33.648933
2208.340820,25.909126,8.555158,-25.058683,19.061084,8.438480,-23.878971
2218.333496,27.873268,8.446936,-14.932791,21.018798,8.315610,-14.298907
2228.325683,29.863433,8.335638,-4.637510,22.995361,8.191850,-4.559480
2238.318359,31.170906,8.205240,5.720451,24.948486,8.069423,5.185144
2248.310791,31.357795,8.051583,15.930910,26.237277,7.914006,15.006505
2258.303466,30.515777,7.849986,25.723016,25.958278,7.684072,24.484060
2268.295898,28.782913,7.686571,34.952613,24.288879,7.481315,33.411170
2278.288330,26.005851,7.581164,44.411811,20.703426,7.300342,42.302116
2288.280761,22.340751,7.430491,53.400337,15.774414,7.058200,50.435047
2298.273193,17.858924,7.230257,61.857944,10.722847,6.803554,58.412170
2308.265869,12.614341,6.989481,69.755027,5.539851,6.537343,66.106803
2318.258300,7.251219,6.740436,77.420364,0.422450,6.272449,73.704055
2328.250732,2.030313,6.500632,85.014801,-4.628127,6.013774,81.202102
2338.243164,-3.161135,6.261020,92.566390,-9.542478,5.766770,88.497909
2348.235839,-8.371539,6.019941,100.145545,-14.480172,5.520837,95.828361
2358.228271,-13.600642,5.778812,107.751907,-19.440830,5.273411,103.192916
2368.220947,-18.848440,5.538575,115.385459,-24.424583,5.025478,110.591758
2378.213378,-24.114810,5.301182,123.046028,-29.430940,4.773720,118.024154
2388.205566,-29.399492,5.057461,130.733230,-34.459899,4.518790,125.490104
2398.198242,-34.963195,4.782965,138.122772,-39.578598,4.258952,132.798904
2408.190673,-40.306083,4.490178,143.993942,-44.123794,4.027132,138.703796
2418.183349,-46.688392,4.159872,149.850143,-49.370532,3.790459,144.859848
2428.175781,-54.258491,3.889794,155.506408,-56.201938,3.549839,150.287933
2438.168212,-63.211673,3.789996,159.690170,-64.422447,3.471435,153.886795
2448.160644,-72.881263,3.869326,161.447875,-73.168861,3.417829,155.227233
2458.153320,-82.117973,3.972329,160.806442,-81.319702,3.553186,154.434265
2468.145751,-90.373580,3.989268,158.225280,-89.313087,3.609725,151.601043
2478.138183,-98.467201,3.919165,153.842712,-97.299194,3.592678,147.002975
2488.130615,-106.691978,3.854190,149.356994,-105.345123,3.599611,142.368438
2498.123046,-115.119079,3.790575,144.760940,-113.432586,3.625977,137.806930
2508.115722,-123.855323,3.727736,139.996276,-121.561218,3.638752,133.318679
2518.108154,-133.038848,3.676836,134.987655,-129.832214,3.638767,128.846939
2528.100830,-141.794708,3.649920,130.212295,-138.602111,3.637646,124.092979
2538.093017,-150.550567,9.860506,125.436935,-147.340820,3.637297,119.283538
2548.085693,-159.307693,9.823792,120.660873,-156.048950,3.637290,114.418128
2558.078124,-168.065048,3.637291,115.884696,-164.725463,3.637290,109.497406
2568.070556,-176.823242,3.637291,111.108055,-173.370788,3.637293,104.521286
2578.063232,-185.587203,3.637978,106.328277,-181.984130,3.638815,99.490036
2588.055419,-194.362030,3.649762,101.542564,-190.706695,3.655477,94.655235
2598.048095,-203.136444,3.683521,96.757087,-199.525848,3.698547,89.986137
2608.040527,-211.910202,3.757745,91.971954,-208.347366,3.772651,85.315788
2618.033203,-220.683532,3.867028,87.187065,-217.171035,3.878474,80.644294
2628.025634,-229.456451,4.004123,82.402397,-225.996002,4.021636,75.972122
2638.018066,-238.227020,4.175877,77.619003,-234.821823,4.204974,71.299491
2648.010498,-246.994171,4.400462,72.837486,-243.647872,4.438446,66.626747
2658.002929,-255.761322,4.680902,68.055961,-252.474136,4.721274,61.953884
2667.995605,-264.528686,5.015336,63.274318,-261.300384,5.040689,57.281024
2677.988037,-273.295837,5.395833,58.492794,-270.126434,5.408081,52.608280
2687.980468,-282.062988,5.843914,53.711269,-278.952453,5.837531,47.935535
2697.972900,-290.864898,6.364387,48.910793,-287.744903,6.318325,43.280574
2707.965576,-299.704986,6.910388,44.089500,-296.515380,6.806618,38.637256
2717.958007,-308.531036,7.441503,39.219734,-305.242980,7.280010,33.896373
2727.950683,-317.102813,7.935644,33.935455,-313.683654,7.750744,28.693920
2737.942871,-325.330841,8.410688,28.174470,-321.778656,8.228662,23.014925
2747.935302,-333.182006,8.897857,21.966457,-329.495330,8.708959,16.889110
2757.927978,-340.581115,9.365659,15.386652,-336.597595,9.212164,10.544795
2767.920410,-347.714660,9.839092,8.260653,-343.405364,9.673018,3.721097
2777.913085,-354.499908,10.315106,0.633031,-349.891815,10.139310,-3.585441
2787.905517,-360.849548,10.801571,-7.401607,-355.961791,10.634038,-11.293148
2797.897949,-366.725341,11.297092,-15.731434,-361.507690,11.158621,-19.326271
2807.890380,-372.072998,11.754633,-24.248266,-366.518157,11.667770,-27.683710
2817.883056,-376.691467,12.145688,-32.526103,-371.204833,12.187130,-36.813781
2827.875488,-380.855957,12.527586,-40.659984,-375.332519,12.700139,-45.949142
2837.867919,-384.944213,12.904098,-48.770195,-379.441650,13.213551,-54.990951
2847.860351,-388.988281,13.267365,-56.902370,-383.602294,13.717097,-64.009155
2857.852783,-392.988281,13.612111,-65.056007,-387.814331,14.189939,-73.003501
2867.845458,-396.944213,13.943218,-73.231460,-392.077880,14.644222,-81.974037
2877.837890,-400.854309,14.266552,-81.419937,-396.571075,14.992213,-89.853271
2887.830566,-405.750488,14.470035,-87.957229,-402.921142,15.193948,-96.129272
2897.822753,-413.111724,14.733075,-92.225013,-412.314361,15.427134,-100.902359
2907.815429,-421.344543,14.946409,-92.540840,-422.539581,15.665920,-102.132606
2917.807861,-428.131256,15.124573,-89.459213,-431.353973,15.822567,-99.349784
2927.800292,-432.163299,15.241666,-85.127822,-437.227081,15.926762,-94.549774
2937.792968,-434.923797,15.415746,-78.315147,-441.764709,16.008577,-86.310516
2947.785156,-435.929412,15.631347,-70.566062,-443.794250,16.113542,-76.139175
2957.777832,-435.296203,15.776611,-63.763187,-443.583221,16.248464,-66.441024
2967.770263,-432.798706,15.839756,-56.162025,-441.846923,16.312471,-58.518379
2977.762939,-429.162994,15.854568,-48.085945,-438.341827,16.292921,-50.026058
2987.755371,-425.721557,15.886447,-40.020736,-434.503967,16.261171,-41.397743
2997.747802,-422.454223,15.921050,-31.929155,-430.880767,16.241228,-32.753978
3007.740234,-419.197875,15.963298,-23.410186,-427.449554,16.227767,-24.048017
3017.732666,-415.907287,16.021226,-14.477613,-424.191894,16.212562,-15.230508
3027.725341,-412.717834,16.092103,-5.508222,-421.093780,16.207508,-6.250553
3037.717773,-409.630249,16.173316,3.496482,-417.874999,16.230554,3.223581
3047.710205,-406.644592,16.259031,12.535546,-414.749999,16.272781,12.711135
3057.702636,-403.761413,16.346784,21.607816,-411.749999,16.324592,22.073852
3067.695312,-400.980957,16.435729,30.712388,-408.624999,16.382743,31.394958
3077.687744,-398.303833,16.520841,39.847534,-405.499999,16.440748,40.882511
3087.680419,-395.730041,16.605197,49.012603,-402.499999,16.496635,50.203617
3097.672607,-393.249511,16.686130,58.254138,-399.644531,16.555515,59.623950
3107.665039,-390.987121,16.772321,67.957008,-397.178527,16.612991,69.157440
3117.657714,-389.154357,16.856370,77.984123,-395.304199,16.666492,78.615348
3127.650146,-387.788879,16.938795,88.316864,-393.936340,16.720232,88.475204
3137.642822,-386.935424,17.022987,98.801292,-393.142395,16.786302,98.539680
3147.635253,-386.611267,17.105003,109.316627,-392.949096,16.859083,108.658622
3157.627685,-386.814300,17.181324,119.766059,-393.355834,16.917112,118.713958
3167.620117,-387.561828,17.253051,130.114288,-394.342407,16.952423,128.604766
3177.612792,-389.006256,17.322418,140.616378,-395.950622,16.976552,138.650665
3187.605224,-391.182678,17.395181,151.153396,-398.202789,17.065330,148.756423
3197.597656,-394.082458,17.501922,161.575668,-401.093688,17.178794,158.787292
3207.590087,-397.678466,17.631458,171.767349,-404.604003,17.310798,168.640655
3217.582519,-401.928985,17.736236,181.633224,-408.697998,17.402217,178.221954
3227.575195,-406.681030,17.794528,190.914566,-413.293273,17.457695,187.386764
3237.567626,-412.044738,17.784566,199.889282,-418.436706,17.459711,196.261322
3247.560058,-417.830291,17.715377,208.608489,-424.102111,17.401342,204.801330
3257.552490,-423.867736,17.602754,217.125686,-430.160125,17.291889,213.014602
3267.545166,-430.130584,17.442468,225.409790,-436.367919,17.129331,220.995132
3277.537597,-436.583374,17.231670,233.425354,-442.689788,16.919338,228.725357
3287.530273,-443.274108,16.986669,241.239044,-449.249603,16.664188,236.359436
3297.522705,-450.222106,16.700408,248.871337,-455.992858,16.356304,243.829620
3307.514892,-457.409484,16.358772,256.299255,-462.899627,16.009420,251.115203
3317.507568,-464.810668,15.981343,263.496185,-469.941131,15.638084,258.190185
3327.499999,-472.384765,15.574712,270.426818,-477.072631,15.256234,265.018066
3337.492675,-480.076385,15.140817,277.051025,-484.378479,14.854872,271.578430
3347.485107,-487.952880,14.678075,283.434417,-492.041625,14.412787,277.933441
3357.477539,-496.008392,14.208909,289.602264,-499.969726,13.955854,283.994293
3367.469970,-504.176483,13.758314,295.606414,-508.126098,13.476505,289.752593
3377.462646,-512.456665,13.341842,301.455535,-516.397583,13.017124,295.337127
3387.455078,-520.845581,12.973584,307.147186,-524.759887,12.643550,300.783966
3397.447509,-529.340393,12.688077,312.679473,-533.211120,12.373938,306.091918
3407.439941,-537.938110,12.503088,318.050537,-541.749023,12.191741,311.259582
3417.432373,-546.635620,12.392419,323.258392,-550.371032,12.062375,316.285339
3427.425048,-555.430053,12.345460,328.301300,-559.075195,11.993492,321.168029
3437.417480,-564.317932,12.345226,333.177215,-567.858764,11.991978,325.906158
3447.410156,-573.278015,12.386541,337.765777,-576.713745,12.047460,330.482849
3457.402343,-582.574829,12.472400,342.056671,-585.701782,12.145675,334.741546
3467.395019,-592.056274,12.629421,345.966369,-594.865051,12.315752,338.640777
3477.387451,-601.661560,12.876083,349.470825,-604.164672,12.576560,342.164093
3487.379882,-611.350036,13.174720,352.560882,-613.562744,12.892951,345.300384
3497.372558,-621.081420,13.497546,355.232330,-623.022399,13.228598,348.043365
3507.364746,-630.846801,13.824214,357.491912,-632.506225,13.554957,350.390747
3517.357421,-640.848449,14.144775,359.380981,-642.039184,13.880077,352.355773
3527.349853,-650.912048,14.463979,360.857391,-651.709228,14.212587,353.954650
3537.342529,-660.974853,14.783309,361.918060,-661.447692,14.532679,355.171203
3547.334960,-670.992736,15.070372,362.596435,-671.201049,14.810601,355.999511
3557.327392,-680.943298,15.315066,362.909149,-680.927551,15.047272,356.440643
3567.319580,-690.853759,15.530488,362.864196,-690.610351,15.265364,356.500030
3577.312499,-700.797241,15.728909,362.461425,-700.302062,15.478619,356.180358
3587.304931,-710.659545,15.914428,361.706481,-709.943054,15.681509,355.484558
3597.297363,-720.413879,16.098588,360.608764,-719.496826,15.865880,354.420227
3607.289794,-730.037841,16.295059,359.179412,-728.935546,16.043722,352.997497
3617.282470,-739.515136,16.488040,357.430419,-738.236633,16.218955,351.228210
3627.274902,-748.797790,16.664299,355.382507,-747.381469,16.382316,349.125427
3637.267333,-757.925292,16.816793,353.038238,-756.434631,16.548868,346.668945
3647.259765,-767.049377,16.964078,350.469512,-765.487792,16.728099,344.064178
3657.252197,-776.223205,17.116802,347.886901,-774.582336,16.915060,341.447509
3667.244873,-785.455627,17.257537,345.287841,-783.727539,17.095029,338.816284
3677.237304,-794.758911,17.366706,342.668823,-792.934204,17.248908,336.167358
3687.229736,-804.179504,17.445772,340.016784,-802.296630,17.363195,333.473632
3697.222167,-813.769104,17.506237,337.317138,-811.889465,17.443212,330.713592
3707.214843,-823.358459,17.550754,334.617584,-821.482238,17.513832,327.953582
3717.207275,-832.946655,17.584337,331.918365,-831.074829,17.582960,325.193603
3727.199707,-842.534423,17.616857,329.219268,-840.666748,17.654233,322.433868
3737.192138,-852.121520,17.646306,326.520324,-850.258422,17.727210,319.674163
3747.184570,-861.505065,17.675930,323.878723,-859.762634,17.796318,316.939636
3757.177246,-870.419555,17.694126,321.369140,-869.252075,17.854215,314.209350
3767.169677,-879.552490,17.689296,318.798065,-878.907714,17.897640,311.431243
3777.162109,-888.866271,17.673255,316.281646,-888.721252,17.913425,308.958343
3787.154541,-898.286682,17.638891,314.888885,-898.599243,17.889566,307.809082
3797.147460,-907.600036,17.626930,314.851135,-908.294799,17.850515,307.991882
3807.139892,-916.512329,17.650331,316.058563,-917.563720,17.834121,309.389038
3817.132080,-924.821899,17.655174,318.341156,-926.620483,17.839590,311.978302
3827.124511,-933.127197,17.646547,321.869689,-935.574584,17.847877,315.869903
3837.117431,-940.973388,17.625612,326.566528,-943.985290,17.856397,320.961334
3847.109863,-948.135925,17.645032,332.067596,-951.577148,17.875904,326.951965
3857.102294,-954.692871,17.680604,337.848327,-958.469604,17.910787,333.217376
3867.094482,-960.677429,17.720655,343.848480,-964.726806,17.942632,339.631683
3877.086914,-966.444152,17.752637,350.424346,-970.754028,17.964723,346.596923
3887.079833,-971.909484,17.774337,357.555969,-976.493164,17.979042,354.115051
3897.072265,-976.952880,17.785211,365.146514,-981.825622,17.988719,362.088775
3907.064697,-981.482055,17.787481,373.085327,-986.659790,17.996889,370.409271
3917.057128,-985.430786,17.781375,381.246826,-990.928649,17.999088,378.953002
3927.049804,-988.759582,17.770477,389.491882,-994.590209,17.996215,387.584411
3937.042236,-991.376464,17.756656,397.455841,-997.631225,17.989862,396.167510
3947.034667,-993.126342,17.730442,405.985015,-1000.022583,17.974981,405.447204
3957.027099,-993.678527,17.695516,414.843627,-1001.048583,17.946289,415.205566
3967.019531,-992.987976,17.663991,423.614593,-1000.602233,17.913896,424.952606
3977.012207,-991.173583,17.674434,431.879943,-998.794982,17.906675,434.190032
3987.004638,-988.523498,17.657432,439.235504,-995.944091,17.900016,442.439971
3996.997070,-985.305908,17.613948,445.645477,-992.368469,17.865070,449.628326
4006.989501,-980.924560,17.537345,452.253051,-987.441406,17.780717,456.966613
4016.982177,-975.322204,17.401969,458.684234,-981.102233,17.641277,464.018981
4026.974609,-968.657165,17.183549,464.480865,-973.547485,17.445598,470.258117
4036.967041,-961.197204,16.903528,469.311309,-965.109497,17.182346,475.308166
4046.959472,-953.303161,16.596006,472.975830,-956.313049,16.859937,479.124511
4056.951904,-945.262573,16.243129,475.748046,-947.659729,16.503816,482.111968
4066.944580,-936.563354,15.823423,478.017303,-938.584960,16.103229,484.513977
4076.937011,-927.533447,15.341648,479.617584,-929.119445,15.641834,486.267822
4086.929443,-918.300292,14.788097,480.491577,-919.386657,15.124821,487.304107
4096.921874,-909.025085,14.175131,480.611206,-909.541381,14.553961,487.580322
4106.914550,-899.911132,13.512572,479.990753,-899.776794,13.920582,487.092346
4116.907226,-890.887329,12.802927,478.677154,-890.321289,13.224335,485.888397
4126.899414,-881.296142,12.025945,477.033599,-880.643310,12.449909,484.066406
4136.892089,-871.718994,11.256039,475.308044,-870.949707,11.659854,482.162078
4146.884277,-862.157226,10.497283,473.500915,-861.264892,10.860778,480.215728
4156.876953,-852.610961,9.740755,471.612152,-851.588134,10.052787,478.227386
4166.869628,-843.080932,8.989026,469.641876,-841.920043,9.258942,476.197296
4176.861816,-833.568847,8.273669,467.590393,-832.261352,8.523799,474.125488
4186.854492,-824.052307,7.614304,465.451965,-822.611206,7.859378,472.011657
4196.847167,-814.418212,7.005169,463.149749,-812.889953,7.242429,469.814422
4206.839355,-804.824218,6.452204,460.687683,-803.179626,6.684215,467.513702
4216.832031,-795.272033,5.939740,458.066253,-793.493408,6.188299,465.111877
4226.824218,-785.736450,5.473887,455.301452,-783.806762,5.747565,462.602813
4236.816894,-776.208190,5.086454,452.466522,-774.129699,5.371169,459.989776
4246.809570,-766.698303,4.758067,449.570709,-764.479980,5.045129,457.277557
4256.801757,-757.207519,4.487282,446.614288,-754.858764,4.778863,454.466461
4266.794433,-747.735473,4.282510,443.596893,-745.266723,4.585283,451.556549
4276.786621,-738.283691,4.157850,440.519073,-735.705566,4.457423,448.548461
4286.779785,-728.850708,4.094460,437.380554,-726.174926,4.399006,445.442108
4296.771972,-719.438720,4.063965,434.181976,-716.677490,4.388644,442.238281
4306.764160,-710.047790,4.076169,430.923156,-707.213500,4.406141,438.937103
4316.756835,-700.677185,4.135850,427.604125,-697.783569,4.452454,435.538757
4326.749023,-691.328430,4.227988,424.225311,-688.389099,4.531526,432.043792
4336.742187,-682.000793,4.347061,420.786437,-679.030456,4.654790,428.452331
4346.734374,-672.696044,4.504465,417.288055,-669.710021,4.823335,424.765228
4356.726562,-663.414245,4.706088,413.730377,-660.427978,5.023219,420.982666
4366.719238,-654.175903,4.940762,410.120422,-651.184814,5.244015,417.104736
4376.711914,-645.084289,5.191305,406.449218,-642.110351,5.469540,413.193511
4386.704589,-636.044189,5.439858,402.652374,-633.072265,5.694821,409.199310
4396.696777,-627.058044,5.671914,398.730957,-624.071533,5.920288,405.122741
4406.688964,-618.127075,5.898159,394.685455,-615.108642,6.144220,400.963806
4416.681640,-609.252624,6.122509,390.516479,-606.183898,6.370011,396.722869
4426.674316,-600.436645,6.344042,386.224945,-597.298217,6.598290,392.400207
4436.666992,-591.680908,6.566268,381.811706,-588.452697,6.825123,387.996490
4446.659179,-582.987670,6.787335,377.277893,-579.648132,7.052299,383.511962
4456.651367,-574.357910,7.007542,372.624145,-570.885009,7.278714,378.947021
4466.644531,-565.724853,7.228877,367.831207,-562.134643,7.504020,374.288391
4476.636718,-557.073486,7.449868,362.970397,-553.389160,7.729719,369.546630
4486.629394,-548.442626,7.671418,358.072296,-544.678283,7.955592,364.740264
4496.621582,-539.833862,7.895954,353.137847,-536.003234,8.179651,359.870117
4506.614257,-531.245239,8.121949,348.166107,-527.364074,8.403182,354.936126
4516.606933,-522.677978,8.347752,343.157470,-518.761474,8.623139,349.938690
4526.599121,-514.133300,8.571594,338.113067,-510.196350,8.834138,344.878417
4536.591796,-505.609130,8.789920,333.031372,-501.667846,9.033940,339.754821
4546.583984,-497.107421,9.000372,327.913452,-493.178161,9.219185,334.569061
4556.576660,-488.627319,9.199149,322.758941,-484.726318,9.384789,329.320617
4566.569335,-480.126312,9.386725,317.657897,-476.210266,9.536146,324.178283
4576.561523,-471.619720,9.549286,312.562866,-467.681365,9.658199,319.053009
4586.554199,-463.110198,9.677824,307.466064,-459.149963,9.744027,313.926208
4596.546386,-454.621520,9.763072,302.381774,-450.666076,9.799297,308.827972
4606.539062,-446.139556,9.808703,297.301483,-442.196380,9.839447,303.738250
4616.531738,-437.658813,9.825613,292.221954,-433.728332,9.850075,298.649536
4626.523925,-429.180572,9.829716,287.143920,-425.262786,9.851698,293.562347
4636.516601,-420.704010,9.830168,282.066864,-416.799346,9.851485,288.476379
4646.509277,-412.215789,9.830185,276.982818,-408.322143,9.851527,283.382171
4656.501464,-403.659942,9.830201,271.858306,-399.760711,9.851984,278.237335
4666.494140,-395.102020,9.830337,266.732543,-391.197601,9.851671,273.091491
4676.486328,-386.542846,9.830664,261.606018,-382.632843,9.849534,267.944671
4686.479003,-377.981170,9.830957,256.477996,-374.066833,9.845600,262.797058
4696.471679,-369.418243,9.831072,251.349227,-365.499176,9.840510,257.648468
4706.463867,-360.849487,9.831044,246.216964,-356.934387,9.837375,252.501632
4716.456542,-352.267791,9.831065,241.076950,-348.378387,9.836521,247.360061
4726.448730,-343.686920,9.831116,235.937423,-339.823211,9.836329,242.218994
4736.441894,-335.105651,9.831165,230.797668,-331.267211,9.836811,237.077423
4746.434082,-326.525604,9.831374,225.658645,-322.712463,9.837357,231.936584
4756.426757,-317.945159,9.831665,220.519378,-314.157287,9.837446,226.795516
4766.418945,-309.368041,9.831528,215.382125,-305.599182,9.837346,221.652694
4776.411132,-300.795104,9.831298,210.247344,-297.036102,9.837565,216.506851
4786.404296,-292.225585,9.831298,205.105392,-288.470703,9.837897,211.363037
4796.396484,-283.665039,9.831025,199.949249,-279.903320,9.838215,206.223480
4806.389160,-275.111328,9.830828,194.778884,-271.333007,9.838292,201.088302
4816.381347,-266.566467,9.830542,189.595077,-262.760498,9.838131,195.957489
4826.374023,-258.008300,9.830422,184.436019,-254.179199,9.837312,190.837875
4836.366699,-249.420837,9.830700,179.325897,-245.588134,9.836269,185.733963
4846.358886,-240.804748,9.831172,174.265121,-236.988037,9.835460,180.646713
4856.351562,-232.190536,9.831739,169.201583,-228.393997,9.834864,175.548294
4866.343749,-223.617034,9.831816,164.069763,-219.838851,9.835500,170.385513
4876.336425,-215.043548,9.831851,158.937942,-211.282882,9.836239,165.222229
4886.329101,-206.470062,9.831556,153.806137,-202.727325,9.837109,160.059204
4896.321289,-197.896148,9.831431,148.674057,-194.172607,9.838000,154.896667
4906.313964,-189.322250,9.831423,143.541992,-185.617065,9.838974,149.733642
4916.306640,-180.748336,9.831493,138.409927,-177.061935,9.839872,144.570861
4926.298828,-172.174850,9.831335,133.278106,-168.507217,9.840639,139.408325
4936.291503,-163.600936,9.831273,128.146041,-159.951660,9.841119,134.245300
4946.283691,-155.161270,9.831250,123.094329,-151.216491,9.841794,128.973861
4956.276367,-146.651779,9.831102,118.000816,-142.436737,9.842214,123.675537
4966.269042,-138.072021,9.830981,112.865242,-133.645675,9.842800,118.329940
4976.261230,-129.581863,9.831157,107.532127,-125.217590,9.862043,112.521018
4986.253906,-121.715347,9.821292,101.465270,-117.321220,9.891105,106.150413
4996.246093,-114.579811,9.789419,94.703880,-109.965049,9.914922,99.246315
5006.239257,-108.257942,9.722778,87.380226,-103.013137,9.944534,91.658699
5016.231445,-102.767791,9.648090,79.581977,-96.852005,10.005934,83.830421
5026.223632,-98.103088,9.604064,71.395843,-91.417976,10.092293,75.784744
5036.216308,-93.862701,9.617999,63.087402,-86.661422,10.187020,67.532379
5046.208496,-89.915313,9.669700,54.865158,-82.504989,10.265587,58.982036
5056.201660,-86.220062,9.743709,46.672466,-78.871154,10.310633,50.146236
5066.193847,-82.726837,9.834938,38.411392,-75.551361,10.352775,41.297767
5076.186035,-79.446655,9.946047,30.113851,-72.524108,10.399451,32.490043
5086.178710,-76.407409,10.064979,21.831186,-69.787170,10.451472,23.754350
5096.171386,-73.497909,10.188781,12.979380,-67.201873,10.528382,14.623847
5106.164062,-70.882537,10.315176,3.911718,-64.856079,10.631900,5.344228
5116.156249,-68.590362,10.445555,-5.307533,-62.760650,10.751626,-4.067636
5126.148437,-66.631958,10.583281,-14.664032,-60.924041,10.886855,-13.601163
5136.141113,-65.017822,10.729891,-24.138181,-59.354370,11.032278,-23.243471
5146.133789,-63.757049,10.877098,-33.707263,-58.059173,11.179150,-32.977874
5156.126464,-62.857284,11.033399,-43.342784,-57.045074,11.313906,-42.784885
5166.118652,-62.323364,11.207814,-53.012550,-56.317169,11.441870,-52.642429
5176.110839,-62.156799,11.383713,-62.676910,-55.878875,11.563219,-62.523628
5186.104003,-62.362335,11.557494,-72.486801,-55.731079,11.688566,-72.426727
5196.096191,-62.800994,11.727338,-82.349220,-55.994968,11.809333,-82.353355
5206.088867,-63.226764,11.898797,-92.222534,-56.479938,11.933856,-92.295700
5216.081054,-63.652847,12.062779,-102.103096,-56.965335,12.070831,-102.246803
5226.073242,-64.079238,12.222953,-111.990905,-57.451232,12.221609,-112.208122
5236.066406,-64.506072,12.381669,-121.888870,-57.937694,12.380537,-122.181114
5246.058593,-65.049682,12.536214,-131.838745,-58.567478,12.540398,-132.145858
5256.051269,-65.826110,12.689493,-141.801269,-59.259498,12.701910,-142.104202
5266.043457,-66.602462,12.842427,-151.762832,-59.951416,12.861515,-152.061096
5276.036132,-67.378540,12.998424,-161.834594,-60.630126,13.017768,-161.940704
5286.028808,-68.095581,13.159984,-172.031631,-61.253173,13.171442,-171.752059
5296.020996,-68.733764,13.326816,-182.233459,-61.818725,13.328018,-181.566467
5306.013671,-69.292968,13.504328,-192.440368,-62.326904,13.486263,-191.384246
5316.005859,-69.772949,13.692144,-202.650863,-62.777465,13.639157,-201.204605
5325.998535,-70.173828,13.885355,-212.865219,-63.170654,13.789891,-211.027847
5335.991210,-70.495483,14.078146,-223.082382,-63.506347,13.940314,-220.853225
5345.983398,-70.738037,14.269655,-233.301269,-63.784423,14.087301,-230.679794
5355.976074,-70.901367,14.454854,-243.522354,-64.005126,14.231623,-240.508422
5365.968749,-70.985473,14.621104,-253.744232,-64.168090,14.376622,-250.338165
5375.960937,-70.990356,14.773990,-263.965972,-64.273559,14.523997,-260.168121
5385.953613,-70.916015,14.928553,-274.187957,-64.321777,14.665746,-269.999084
5395.945800,-70.762451,15.086849,-284.408538,-64.312011,14.801117,-279.829803
5405.938476,-70.529663,15.240716,-294.628112,-64.244995,14.934086,-289.660461
5415.931152,-68.735427,15.325460,-306.979003,-63.707008,15.044869,-300.193084
5425.923339,-62.846008,15.161520,-316.302490,-59.480377,14.994217,-308.635864
5435.916015,-56.801971,15.028380,-321.109283,-54.452583,14.937899,-313.451995
5445.908203,-51.510643,14.903558,-323.674652,-50.521835,14.864126,-315.971710
5455.901367,-45.221748,14.725570,-325.289123,-43.712684,14.731079,-318.616210
5465.893554,-35.425170,14.468050,-326.680114,-34.385246,14.536428,-320.017578
5475.885742,-27.872947,14.251290,-328.647491,-24.971437,14.296329,-323.212738
5485.878417,-22.684030,14.087990,-331.250488,-20.762208,14.172898,-325.677917
5495.870605,-13.663661,13.852849,-340.542053,-12.440515,13.941924,-333.239044
5505.863769,-9.683410,13.597835,-355.602966,-4.637447,13.703332,-348.497924
5515.855957,-9.135375,13.242504,-373.254211,-3.334121,13.386496,-366.819946
5525.848632,-7.370895,12.815565,-387.541137,-1.894027,12.977162,-382.431365
5535.840820,-5.359863,12.444942,-397.776611,0.570816,12.479903,-394.708404
5545.833496,-3.262809,12.096114,-406.043609,3.227867,11.958600,-403.904083
5555.826171,-0.068962,11.596805,-415.872802,6.510490,11.347756,-412.813873
5565.818359,4.155548,10.958210,-425.987945,10.773384,10.658986,-422.191345
5575.811035,9.233993,10.282868,-435.751434,15.753700,9.918579,-431.239776
5585.803222,14.894615,9.599007,-444.733703,21.273262,9.179654,-439.685363
5595.795898,21.013359,8.909027,-452.917419,27.233383,8.433689,-447.482360
5605.788574,27.627784,8.232309,-460.466918,33.578300,7.734965,-454.650634
5615.780761,34.559883,7.584325,-467.267211,40.110122,7.107444,-461.071075
5625.773437,41.498497,6.990668,-473.157440,46.469314,6.541366,-466.555847
5635.766113,48.901733,6.411936,-478.599761,53.403053,5.978096,-471.808502
5645.758300,57.269439,5.805346,-483.857360,61.385910,5.411873,-477.046203
5655.750976,66.012283,5.229331,-488.548461,69.742980,4.859093,-481.740020
5665.743164,74.913375,4.676144,-492.908020,78.297065,4.321496,-486.057342
5675.735839,83.914924,4.150421,-496.951599,86.972114,3.812731,-490.040618
5685.728515,92.976997,3.658452,-500.667663,95.723754,3.319428,-493.675811
5695.720703,102.016670,3.190662,-504.033996,104.518363,2.848510,-496.958404
5705.713378,111.269897,2.745534,-507.140258,113.530296,2.402501,-499.952331
5715.705566,120.745170,2.339974,-509.976531,122.750770,1.987614,-502.642059
5725.698242,130.418884,1.981643,-512.523254,132.151290,1.607958,-505.007812
5735.690917,140.268066,1.656601,-514.770507,141.697708,1.266861,-507.032104
5745.683105,150.257766,1.362416,-516.717651,151.360412,0.961346,-508.661651
5755.675781,160.202697,1.080551,-518.330383,161.158111,0.677981,-509.807800
5765.667968,170.192108,0.781961,-519.628234,171.047866,0.400278,-510.454254
5775.661132,180.251007,0.441684,-520.612854,180.993026,0.107298,-510.592407
5785.653320,190.358779,0.079654,-521.279602,190.937194,-0.191335,-510.443908
5795.645507,200.499923,-0.289950,-521.625488,200.880523,-0.491445,-510.237274
5805.638183,210.653823,-0.663890,-521.675781,210.822998,-0.784582,-509.972869
5815.630859,220.627288,-1.017322,-521.669860,220.763748,-1.073806,-509.650299
5825.623535,230.599777,-1.341415,-521.663940,230.700180,-1.356031,-509.569915
5835.615722,240.574707,-1.642266,-521.657958,240.640777,-1.637602,-509.544128
5845.607910,250.552566,-1.929875,-521.652038,250.586257,-1.917060,-509.518371
5855.600585,260.533355,-2.210604,-521.646118,260.536621,-2.195859,-509.492584
5865.593261,270.516082,-2.489560,-521.640197,270.495269,-2.474659,-509.466766
5875.585937,280.496887,-2.768366,-521.634216,280.483184,-2.753708,-509.440887
5885.578124,290.477661,-3.047143,-521.628295,290.471099,-3.032643,-509.415008
5895.570312,300.457946,-3.325991,-521.622375,300.459014,-3.311688,-509.389099
5905.563476,310.439239,-3.604813,-521.616455,310.447418,-3.590709,-509.363220
